{
  "project_info": {
    "project_number": "333706514416",
    "firebase_url": "https://facebook-pro-2-f6509-default-rtdb.firebaseio.com",
    "project_id": "facebook-pro-2-f6509",
    "storage_bucket": "facebook-pro-2-f6509.firebasestorage.app"
  },
  "client": [
    {
      "client_info": {
        "mobilesdk_app_id": "1:333706514416:android:357b1f2743299ec1685735",
        "android_client_info": {
          "package_name": "com.facebook.pro2"
        }
      },
      "oauth_client": [],
      "api_key": [
        {
          "current_key": "AIzaSyBHXRCfBKclKnOgAlRudIvQCSRdWTMFuZo"
        }
      ],
      "services": {
        "appinvite_service": {
          "other_platform_oauth_client": []
        }
      }
    }
  ],
  "configuration_version": "1"
}